{
  "swagger" : "2.0",
  "info" : {
    "title" : "AccountToAccount",
    "version" : "1.0.0",
    "description" : "AccountToAccount"
  },
  "paths" : {
    "/AccountToAccount" : {
      "post" : {
        "operationId" : "postAccountToAccount",
        "responses" : {
          "200" : {
            "description" : "The operation was successful."
          }
        },
        "consumes" : [ "application/json" ],
        "produces" : [ "application/json" ],
        "description" : "Insert a AccountToAccount",
        "parameters" : [ {
          "name" : "body",
          "in" : "body",
          "schema" : {
            "$ref" : "#/definitions/Transaction"
          },
          "description" : "The request body for the operation",
          "required" : true
        } ]
      }
    }
  },
  "basePath" : "/accounttoaccount/v1",
  "definitions" : {
    "Transaction" : {
      "type" : "object",
      "properties" : {
        "SenderIPA" : {
          "type" : "string"
        },
        "Amount" : {
          "type" : "integer"
        },
        "ReceiverIPA" : {
          "type" : "string"
        }
      },
      "required" : [ ]
    }
  },
  "schemes" : [ "http" ],
  "host" : "desktop-bb3safa:7843"
}