{
  "swagger" : "2.0",
  "info" : {
    "title" : "TransactionHistory",
    "version" : "1.0.0",
    "description" : "TransactionHistory"
  },
  "paths" : {
    "/GetTransactions" : {
      "get" : {
        "operationId" : "getGetTransactions",
        "responses" : {
          "200" : {
            "description" : "The operation was successful.",
            "schema" : {
              "$ref" : "#/definitions/Transaction"
            }
          },
          "404" : {
            "description" : "No transactions found",
            "schema" : {
              "$ref" : "#/definitions/Error"
            }
          },
          "500" : {
            "description" : "Database connection error",
            "schema" : {
              "$ref" : "#/definitions/Error"
            }
          }
        },
        "produces" : [ "application/json" ],
        "description" : "Retrieve GetTransactions",
        "parameters" : [ {
          "name" : "id",
          "in" : "query",
          "type" : "integer",
          "required" : true,
          "description" : "ID"
        } ]
      }
    }
  },
  "basePath" : "/transactionhistory/v1",
  "definitions" : {
    "Transaction" : {
      "type" : "array",
      "items" : {
        "type" : "object",
        "properties" : {
          "User_ID" : {
            "type" : "number"
          },
          "UserName" : {
            "type" : "string"
          },
          "BankName" : {
            "type" : "string"
          },
          "TransactionID" : {
            "type" : "integer"
          },
          "SenderAccountID" : {
            "type" : "integer"
          },
          "Amount" : {
            "type" : "number"
          },
          "Status" : {
            "type" : "string"
          },
          "createdAt" : {
            "type" : "string"
          },
          "updatedAt" : {
            "type" : "string"
          },
          "Type" : {
            "type" : "string"
          },
          "ReceiverIPA" : {
            "type" : "string"
          },
          "SenderIPA" : {
            "type" : "string"
          }
        }
      }
    },
    "Error" : {
      "type" : "object",
      "properties" : {
        "Status" : {
          "type" : "string"
        },
        "Code" : {
          "type" : "string"
        }
      }
    }
  }
}