{
  "swagger" : "2.0",
  "info" : {
    "title" : "AccountToAccountDestinationBank",
    "version" : "1.0.0",
    "description" : "AccountToAccountDestinationBank"
  },
  "paths" : {
    "/DestinationBank" : {
      "post" : {
        "operationId" : "postDestinationBank",
        "responses" : {
          "200" : {
            "description" : "The operation was successful."
          }
        },
        "consumes" : [ "application/json" ],
        "produces" : [ "application/json" ],
        "description" : "Insert a DestinationBank",
        "parameters" : [ {
          "name" : "body",
          "in" : "body",
          "schema" : {
            "$ref" : "#/definitions/Transaction"
          },
          "description" : "The request body for the operation",
          "required" : true
        } ]
      }
    }
  },
  "basePath" : "/accounttoaccountdestinationbank/v1",
  "definitions" : {
    "Transaction" : {
      "type" : "object",
      "properties" : {
        "SenderBank" : {
          "type" : "string"
        },
        "DestinationBank" : {
          "type" : "string"
        },
        "Amount" : {
          "type" : "integer"
        },
        "UserIPA" : {
          "type" : "string"
        },
        "ReceiverAccount" : {
          "type" : "string"
        },
        "SenderAccount" : {
          "type" : "string"
        }
      }
    }
  }
}