{
  "swagger" : "2.0",
  "info" : {
    "title" : "AccountRegistration",
    "version" : "1.0.0",
    "description" : "AccountRegistration"
  },
  "paths" : {
    "/userAccount" : {
      "post" : {
        "operationId" : "postUserAccount",
        "responses" : {
          "200" : {
            "description" : "The operation was successful.",
            "schema" : {
              "$ref" : "#/definitions/Response"
            }
          }
        },
        "consumes" : [ "application/json" ],
        "produces" : [ "application/json" ],
        "description" : "Insert a userAccount",
        "parameters" : [ {
          "name" : "body",
          "in" : "body",
          "schema" : {
            "$ref" : "#/definitions/User"
          },
          "description" : "The request body for the operation",
          "required" : true
        } ]
      }
    }
  },
  "basePath" : "/accountregistration/v1",
  "definitions" : {
    "User" : {
      "type" : "object",
      "properties" : {
        "cardNumber" : {
          "type" : "string"
        },
        "cardPin" : {
          "type" : "string"
        },
        "bankName" : {
          "type" : "string"
        },
        "phoneNumber" : {
          "type" : "string"
        },
        "User_ipa" : {
          "type" : "string"
        }
      },
      "required" : [ ]
    },
    "Response" : {
      "type" : "object",
      "properties" : {
        "Status" : {
          "type" : "string"
        }
      }
    }
  }
}