{
  "swagger" : "2.0",
  "info" : {
    "title" : "GetBALANCE",
    "version" : "1.0.0",
    "description" : "GetBALANCE"
  },
  "paths" : {
    "/balance" : {
      "get" : {
        "operationId" : "getBalance",
        "responses" : {
          "200" : {
            "description" : "The operation was successful.",
            "schema" : {
              "$ref" : "#/definitions/Balance"
            }
          }
        },
        "produces" : [ "application/json" ],
        "description" : "Retrieve balance",
        "parameters" : [ ]
      }
    },
    "/GetIPA" : {
      "get" : {
        "operationId" : "getGetIPA",
        "responses" : {
          "200" : {
            "description" : "The operation was successful.",
            "schema" : {
              "$ref" : "#/definitions/IPA"
            }
          }
        },
        "produces" : [ "application/json" ],
        "description" : "Retrieve GetIPA",
        "parameters" : [ ]
      }
    }
  },
  "basePath" : "/getbalance/v1",
  "definitions" : {
    "IPA" : {
      "type" : "object",
      "properties" : {
        "IPA" : {
          "type" : "string"
        }
      }
    },
    "Balance" : {
      "type" : "number"
    }
  }
}